stat,sample,category,side,bucket,clusters,events,losing,contracts,rows,mean_c,se_c,t
A,all,ALL,short_yes,-1,2172,42239,873.0,1406294596.8399627,15147259.0,0.022613600326276562,0.7068973885925417,0.03198993332158301
A,all,ALL,long_yes,-1,2153,40227,1156.0,1241285736.4599648,13527330.0,0.4590469076866624,0.7089273403051315,0.6475232108964548
C,all,ALL,short_yes,-1,2063,34081,897.0,266823350.10000095,2382648.0,-0.09466969494900242,0.7315833664989931,-0.1294038373262177
B,all,ALL,short_yes,-1,2169,41573,1012.0,95213616.82000038,12495176.0,-0.777687296460791,0.6938511316628099,-1.1208273085857314
A,exploration,ALL,long_yes,-1,990,13684,533.0,179253323.99,2305220.0,-0.349002461887213,0.8356729368265919,-0.4176304466823167
A,exploration,ALL,short_yes,-1,1000,14620,340.0,240039126.49,2778015.0,1.354633112661401,0.7886827307756316,1.717589418154477
A,confirmation,ALL,short_yes,-1,1344,27715,625.0,1166255470.3499637,12369244.0,-0.2515431417746762,0.8356327816999874,-0.3010211510167708
C,exploration,ALL,long_yes,-1,911,10117,497.0,30477343.279999997,359276.0,-0.0683973896756273,1.043089939274538,-0.06557190046641348
C,exploration,ALL,short_yes,-1,941,11157,365.0,40646036.58999999,446573.0,1.9736462765101794,0.9724118541457951,2.0296402888299916
B,confirmation,ALL,long_yes,-1,1328,26354,773.0,70744993.9600004,9326549.0,-0.12276895032193474,0.8053727662418403,-0.1524374245913714
B,confirmation,ALL,short_yes,-1,1343,27283,714.0,78394731.22000036,10277093.0,-1.1350478142757987,0.8189957965565936,-1.3859018801415368
A,exploration,Mentions,long_yes,-1,146,1056,74.0,12286944.41,167836.0,-1.994170269058782,1.0297969820526915,-1.9364693272685725
A,exploration,Climate and Weather,long_yes,-1,141,3293,65.0,11565208.74,268817.0,-0.3011951766985569,0.6892447709853847,-0.43699305294394997
A,exploration,Politics,short_yes,-1,102,330,51.0,7999833.600000001,39474.0,-0.9254620049847123,5.199148696580116,-0.17800260369422796
A,exploration,Commodities,short_yes,-1,57,168,15.0,2017694.2200000002,35609.0,9.304659023110053,3.644380999532102,2.5531521057498288
A,exploration,Mentions,short_yes,-1,146,1126,44.0,31629198.810000002,348112.0,2.925598077455696,0.9026854884694109,3.2409938066206494
A,confirmation,Mentions,short_yes,-1,185,1195,70.0,25258141.63000001,366896.0,2.5333206792221166,0.7539904006305052,3.359884525192485
A,confirmation,Science and Technology,long_yes,-1,90,239,52.0,1314817.1800000004,10792.0,-3.6847236357348523,1.31724726511165,-2.7972907845988466
A,confirmation,Politics,short_yes,-1,189,476,101.0,8228332.0100000035,41227.0,4.3981713614640565,2.0502781455760637,2.145158387877323
A,confirmation,Entertainment,short_yes,-1,143,1218,60.0,12774914.180000002,111453.0,1.8284341593909645,0.6264369020975212,2.9187842435028215
A,confirmation,Commodities,short_yes,-1,114,1881,57.0,35560621.990000054,618901.0,0.9930444557727448,0.9507249339883247,1.0445128977599105
A,confirmation,Financials,short_yes,-1,117,1600,67.0,9833364.669999998,85282.0,0.33375016838923294,2.3072421734650304,0.14465328877375924
A,confirmation,Mentions,long_yes,-1,187,1121,95.0,13886075.459999999,183696.0,-0.6690276289194257,0.6166233163181016,-1.0849859407105031
A,confirmation,Commodities,long_yes,-1,113,1880,49.0,31295657.499999996,543865.0,-0.114775559644338,1.0219483371173343,-0.1123105302642712
A,confirmation,Financials,long_yes,-1,115,1497,58.0,8790362.360000001,81472.0,0.732299770890553,2.316863495351897,0.31607376626188655
A,confirmation,Elections,long_yes,-1,75,106,39.0,2816602.239999999,9916.0,2.3804069086446664,5.657592260078587,0.42074557501102083
A,exploration,Elections,long_yes,-1,16,26,10.0,735807.0,2005.0,-4.311708640988736,4.759846352989541,-0.9058503828134409
A,exploration,Elections,short_yes,-1,17,25,5.0,1283859.0,3012.0,4.479727758266288,8.235358458865262,0.5439626921696307
A,exploration,Social,long_yes,-1,6,7,4.0,9475.0,128.0,-0.12358839050131903,2.9701788729120806,-0.041609746681737086
A,exploration,Health,short_yes,-1,8,12,1.0,13212.0,180.0,6.470708446866484,1.8456012282488024,3.506016547792511
A,exploration,World,long_yes,-1,2,10,1.0,2583.0,42.0,-3.1347270615563296,0.19849251089159337,-15.792671710764745
A,exploration,Companies,long_yes,-1,4,15,3.0,585156.0,2286.0,-8.378037651498056,2.630679497782622,-3.1847428235023822
A,exploration,Transportation,short_yes,-1,1,1,0.0,394.0,17.0,18.878172588832488,,
C,confirmation,Crypto,short_yes,-1,137,11863,74.0,204983647.46000096,1547195.0,-0.6630087423712392,0.9293602531797855,-0.7134033762502424
C,exploration,Elections,long_yes,-1,13,16,7.0,58447.0,338.0,-1.468612589183362,11.399740170588185,-0.1288286019862492
C,confirmation,Entertainment,long_yes,-1,129,644,71.0,1038473.1199999999,17094.0,0.07167383398426426,1.6989207044069805,0.04218786303465675
C,exploration,Entertainment,short_yes,-1,126,631,44.0,1486444.8399999999,12725.0,2.78583543671893,2.210547845262373,1.2602466138380621
C,exploration,Financials,short_yes,-1,103,307,42.0,204188.83999999997,2993.0,3.9367434800795196,3.51081461439992,1.121319098972818
C,confirmation,Financials,short_yes,-1,109,926,53.0,591894.8399999999,10512.0,1.2088385407832765,2.514390161186745,0.48076808422314515
C,exploration,Mentions,short_yes,-1,146,987,58.0,4464688.92,75994.0,4.424437837429443,1.356535276964085,3.2615722661715805
C,exploration,Mentions,long_yes,-1,146,875,80.0,1909951.04,46340.0,-4.293313366818027,1.8652018341965362,-2.3017955955782323
C,confirmation,Mentions,long_yes,-1,181,967,99.0,1835057.1999999997,55124.0,-2.8550949528984706,1.3140045861442395,-2.1728196255968504
C,confirmation,Climate and Weather,long_yes,-1,144,4915,87.0,2535016.690000001,102853.0,-1.5510859614892711,0.6242315844099373,-2.4847925036594463
C,exploration,Climate and Weather,long_yes,-1,140,2642,79.0,1957673.94,52230.0,-0.8675801548443756,0.5911121238046694,-1.467708273787773
C,confirmation,Climate and Weather,short_yes,-1,144,5474,67.0,4079772.0499999993,150567.0,1.0550018401150616,0.46596176555502716,2.264138214985093
C,confirmation,Commodities,short_yes,-1,114,1613,58.0,6467338.75,85477.0,0.7515331388818961,0.9650739869544187,0.7787311118534912
C,exploration,Commodities,long_yes,-1,53,116,30.0,288283.93,5113.0,-4.248239435337238,6.940500292705619,-0.6120941223505294
C,exploration,Companies,long_yes,-1,3,5,2.0,111001.0,529.0,-11.572337186151476,2.1832295108157984,-5.300559161930386
C,exploration,Companies,short_yes,-1,4,9,1.0,99045.0,610.0,-2.4550860719874845,6.9114329272771124,-0.35522099365213855
C,confirmation,Science and Technology,short_yes,-1,78,184,32.0,339125.18000000005,2742.0,4.662924862388573,3.924227170739128,1.1882402979005702
C,exploration,Science and Technology,long_yes,-1,31,64,13.0,155383.98,1209.0,5.20933605526773,7.477485401432681,0.6966695052683922
C,confirmation,Science and Technology,long_yes,-1,73,149,38.0,204300.13999999998,2389.0,-6.963856697269026,4.4051829121131805,-1.5808325865698143
C,exploration,Social,short_yes,-1,7,7,3.0,5248.0,51.0,2.7071265243902434,1.5365210959564215,1.7618544460693968
C,confirmation,Social,long_yes,-1,1,1,0.0,734.0,14.0,20.290190735694825,,
C,exploration,World,short_yes,-1,1,6,0.0,3383.0,29.0,6.169967484481229,,
C,exploration,Transportation,short_yes,-1,1,1,0.0,99.0,9.0,19.313131313131315,,
C,exploration,Transportation,long_yes,-1,1,1,1.0,6.0,1.0,-7.000000000000001,,
C,exploration,Social,long_yes,-1,6,6,4.0,1185.0,26.0,0.9392405063291129,5.331550803941268,0.17616647404631192
C,exploration,Health,long_yes,-1,4,4,4.0,696.0,11.0,-19.119252873563216,8.707588945076305,-2.1956999801161006
B,confirmation,Crypto,long_yes,-1,138,13263,66.0,63214988.43000044,8267407.0,0.1012347221748779,0.9012834248421402,0.11232284915547977
B,confirmation,Crypto,short_yes,-1,139,13710,79.0,68335616.52000049,8905606.0,-1.4325664610539968,0.9386110112383649,-1.5262621510948686
B,confirmation,Commodities,long_yes,-1,113,1878,62.0,3514269.26,462367.0,-1.2325604054596595,1.0536580614389022,-1.1697916530685903
B,confirmation,Mentions,short_yes,-1,185,1128,68.0,1928298.4100000006,251259.0,5.7478750864084365,1.051122413484326,5.468321303657699
B,confirmation,Climate and Weather,short_yes,-1,144,6116,99.0,2187904.1900000013,339801.0,-1.1972217713975848,0.28103369996071154,-4.260064794951481
B,exploration,Climate and Weather,short_yes,-1,141,3256,72.0,1419232.0899999999,202894.0,0.12736188201606988,0.2878257056111022,0.4424965509792089
B,exploration,Climate and Weather,long_yes,-1,141,3200,94.0,1310971.15,208375.0,-0.9154689330882676,0.231998726881169,-3.946008434594453
B,confirmation,Elections,short_yes,-1,73,103,43.0,96082.91,11555.0,1.002333848964452,6.72394013620322,0.14906941892115594
B,exploration,Politics,short_yes,-1,102,322,51.0,260429.62000000002,30615.0,-0.532125731320408,7.559240651738029,-0.07039407208157356
B,confirmation,Entertainment,short_yes,-1,142,1185,71.0,643953.1500000003,79181.0,2.9298776160967637,1.5363000513851626,1.907099862071293
B,confirmation,Politics,long_yes,-1,179,476,95.0,208513.25999999995,26573.0,-4.736877683462431,3.098898429696851,-1.5285682286546627
B,confirmation,Economics,long_yes,-1,145,803,83.0,199696.22999999998,27273.0,-3.003577123113441,1.881257156630577,-1.5965797724820319
B,exploration,Economics,long_yes,-1,91,255,61.0,83119.59000000001,10929.0,-5.8543445654628465,2.0201378268101413,-2.8979926457330065
B,exploration,Entertainment,short_yes,-1,135,1009,48.0,338939.35,40200.0,4.333603165286068,1.5769340996999008,2.7481193831186577
B,exploration,Elections,short_yes,-1,17,25,5.0,21746.0,2442.0,2.0091557067966628,9.086875984582372,0.22110521924207843
B,exploration,Elections,long_yes,-1,16,26,10.0,11879.0,1552.0,2.4521592726660515,11.477569975109544,0.2136479479527327
B,exploration,Companies,long_yes,-1,4,15,3.0,14944.0,1757.0,-8.354255888650975,4.745345672789057,-1.7605157694952067
B,exploration,Health,short_yes,-1,8,12,1.0,1409.0,151.0,6.418026969481902,2.3337026932720484,2.7501476464781747
B,exploration,Social,long_yes,-1,6,7,4.0,748.0,97.0,-6.417112299465241,4.249150147761513,-1.5102107659918371
B,confirmation,Companies,long_yes,-1,1,1,1.0,80.5,9.0,-5.745341614906832,,
A,confirmation,Social,short_yes,-1,2,2,2.0,6594.0,43.0,-14.71610555050046,1.6516291453089815,-8.910054410396965
A,exploration,Companies,short_yes,-1,4,12,1.0,790909.0,5572.0,9.664301455666841,3.396019915357909,2.84577290373408
A,exploration,World,short_yes,-1,2,8,1.0,7725.0,88.0,4.764271844660193,0.052175674741572045,91.31212712164816
A,confirmation,Companies,short_yes,-1,1,1,0.0,961.53,17.0,6.363472798560628,,
A,confirmation,Companies,long_yes,-1,1,1,1.0,3717.2800000000007,10.0,-2.076480652520122,,
A,confirmation,World,short_yes,-1,1,1,0.0,47.9,3.0,6.083507306889353,,
B,exploration,World,long_yes,-1,1,10,1.0,257.0,36.0,-4.875486381322958,,
B,confirmation,Companies,short_yes,-1,1,1,0.0,131.0,14.0,5.061068702290076,,
B,confirmation,World,short_yes,-1,1,1,0.0,21.0,3.0,5.19047619047619,,
A,all,Politics,short_yes,-1,248,752,131.0,16228165.610000005,80701.0,1.7738340147491198,2.8047215688706606,0.6324456710558138
A,all,Mentions,short_yes,-1,272,2320,81.0,56887340.440000035,715008.0,2.7514257922654224,0.5944784067313456,4.6283023253842694
A,all,Mentions,long_yes,-1,272,2176,144.0,26173019.87,351532.0,-1.2911168656824943,0.5767398388664929,-2.238646923056358
A,all,Crypto,long_yes,-1,266,20399,136.0,1107368902.0999663,11562683.0,0.6099655322664462,0.7935483290648576,0.7686558082546137
A,all,Crypto,short_yes,-1,267,21497,133.0,1189317675.0399628,12430517.0,-0.28634510706095057,0.8333483152023874,-0.3436079510059472
A,all,Entertainment,short_yes,-1,264,2239,94.0,21858907.509999994,170900.0,1.8449838131914964,0.5084490169518366,3.6286505660925776
A,all,Commodities,long_yes,-1,168,2031,83.0,32776516.18,569337.0,-0.29709353460639903,1.0143529217134881,-0.2928897115064607
A,all,Science and Technology,short_yes,-1,116,345,40.0,6542017.509999999,28894.0,1.82519240204514,1.117937730655395,1.6326422769317523
A,all,Financials,long_yes,-1,214,1986,119.0,12368025.249999994,106477.0,-0.72381290746088,1.8771039309738398,-0.38560086925254405
A,all,Economics,long_yes,-1,222,1063,132.0,8012463.640000001,50587.0,-3.8569695254353324,1.8135767074384308,-2.1267198181449256
A,all,Elections,long_yes,-1,87,128,48.0,3552409.2399999998,11921.0,0.9942756569904745,5.057693690105601,0.1965867681816284
A,all,Health,long_yes,-1,6,10,6.0,8242.0,104.0,-5.559694248968697,2.628111379767935,-2.1154713197351716
A,all,Companies,short_yes,-1,5,13,1.0,791870.53,5589.0,9.66029341943058,3.2871468513297577,2.9388079864830736
C,all,Economics,long_yes,-1,211,716,122.0,855198.2799999997,10852.0,-5.50955876738412,2.9591776259529663,-1.8618546987728848
C,all,Elections,long_yes,-1,75,98,42.0,518647.42999999993,2187.0,0.3259730815594721,8.049653619107545,0.04049529296337751
C,all,Elections,short_yes,-1,69,91,25.0,798327.5899999999,3199.0,-9.083808503975167,7.332054386686574,-1.2389172290469368
C,all,Entertainment,short_yes,-1,249,1414,107.0,3296101.89,35593.0,2.4145757642219,1.2281231083650126,1.9660698082917758
C,all,Financials,short_yes,-1,201,1227,88.0,796083.6799999997,13505.0,1.9085234598173788,2.055601741578086,0.9284500111155796
C,all,Health,long_yes,-1,4,4,4.0,696.0,11.0,-19.119252873563216,8.707588945076305,-2.1956999801161006
C,all,Health,short_yes,-1,4,5,0.0,932.0,29.0,10.714592274678113,6.156447373743962,1.7403855867222617
C,all,Mentions,long_yes,-1,272,1842,152.0,3745008.240000002,101464.0,-3.588585129521632,1.1207980618127973,-3.201812397603004
C,all,Mentions,short_yes,-1,272,2059,115.0,8854795.429999998,168512.0,3.645623692291218,0.9570565530896111,3.809204043922231
C,all,Climate and Weather,short_yes,-1,280,8293,117.0,7369770.509999999,227524.0,1.6382588947128562,0.37016021582835296,4.42581029689191
C,all,Climate and Weather,long_yes,-1,279,7557,162.0,4492690.63,155083.0,-1.2532507407482012,0.43876652336835653,-2.856304376020189
C,all,Commodities,short_yes,-1,168,1751,71.0,6846079.150000002,92597.0,1.4089663411209636,0.9941387441991113,1.4172733427224404
C,all,Companies,short_yes,-1,5,10,1.0,99207.0,613.0,-2.44280141522272,6.673020782552612,-0.36607130336079696
C,all,Politics,long_yes,-1,221,582,121.0,2389255.869999999,14230.0,-2.643954372287469,2.669491054246129,-0.9904338761809894
C,all,Science and Technology,short_yes,-1,103,261,37.0,771846.88,4560.0,2.919611567042936,3.2963631699801264,0.8857068886194776
C,all,World,long_yes,-1,1,2,1.0,61.0,4.0,-9.60655737704918,,
B,all,Mentions,short_yes,-1,272,2215,79.0,3808399.650000002,487735.0,7.412054110445053,0.827440447715303,8.957809750430902
B,all,Mentions,long_yes,-1,272,2098,175.0,1627500.9799999997,207949.0,-5.434020273216677,0.7778367258290982,-6.9860680175836904
B,all,Economics,short_yes,-1,225,1121,82.0,509284.2699999999,67555.0,3.7655727792260305,1.5291053746669603,2.462598615903874
B,all,Commodities,long_yes,-1,168,2029,99.0,3659788.6399999997,482600.0,-1.5170115791167702,1.029528129230662,-1.4735018267547397
B,all,Entertainment,long_yes,-1,258,1832,147.0,567515.6199999996,72207.0,-1.9486382595072875,0.9260605892758993,-2.1042232895700237
B,all,Science and Technology,long_yes,-1,118,326,76.0,103154.26999999999,13213.0,-3.592406208681424,1.7984070177341402,-1.9975490382636463
B,all,Politics,long_yes,-1,244,769,132.0,411283.3300000001,50966.0,0.6623565511395759,3.787249901494558,0.17489116598252227
B,all,Economics,long_yes,-1,222,1056,137.0,282815.8199999998,38202.0,-3.841417881078929,1.4470705350433462,-2.6546168884323675
B,all,Science and Technology,short_yes,-1,116,344,57.0,166225.50999999992,20455.0,1.1601651876417782,1.4856112378965203,0.7809345796848295
B,all,Companies,short_yes,-1,5,13,1.0,40831.0,4974.0,15.983248022335989,1.3447421735975686,11.885734184699691
B,all,Elections,short_yes,-1,86,124,45.0,117828.91000000002,13997.0,1.1881485876429225,5.779994176434816,0.2055622464962049
B,all,Social,short_yes,-1,8,9,4.0,1972.0,223.0,2.683569979716025,4.50478691877259,0.595715186556973
B,all,Social,long_yes,-1,8,9,5.0,1025.0,132.0,-7.737560975609756,3.2797558075047126,-2.359188131599532
B,all,World,short_yes,-1,3,9,1.0,481.0,56.0,2.588357588357588,0.6418712184737998,4.03251853932946
B,all,World,long_yes,-1,1,10,1.0,257.0,36.0,-4.875486381322958,,
B,all,Transportation,short_yes,-1,1,1,0.0,75.0,8.0,16.599999999999998,,
C,all,ALL,long_yes,-1,2016,31530,1095.0,242212035.6000008,2142735.0,0.6365045435675818,0.7294189299824592,0.872618624776969
B,all,ALL,long_yes,-1,2149,39768,1294.0,84648255.95000035,11214022.0,-0.3188295012592118,0.6889727989280123,-0.46276065144412887
A,confirmation,ALL,long_yes,-1,1333,26625,695.0,1062032412.4699656,11222110.0,0.5954321382534719,0.8160903896547049,0.7296154271653713
C,confirmation,ALL,long_yes,-1,1245,21467,663.0,211734692.32000095,1783459.0,0.7379689656837255,0.820754476029135,0.8991348658298748
C,confirmation,ALL,short_yes,-1,1272,22977,608.0,226177313.51000118,1936075.0,-0.46636412066731636,0.8423010597828579,-0.5536786583024641
B,exploration,ALL,long_yes,-1,987,13495,606.0,13903261.989999993,1887473.0,-1.3164588706711087,0.8748824156788189,-1.5047266319207844
B,exploration,ALL,short_yes,-1,997,14379,392.0,16818885.599999998,2218083.0,0.888010563018516,0.8992684172228276,0.9874810968686316
A,exploration,Crypto,long_yes,-1,134,7055,71.0,132524486.43000004,1727520.0,-0.1421587370549982,1.0919818145468279,-0.1301841616419171
A,exploration,Crypto,short_yes,-1,135,7589,65.0,152126098.98,1900985.0,0.8867314715813979,1.19258025415327,0.7435402929851256
A,exploration,Entertainment,short_yes,-1,135,1029,40.0,9083993.329999998,59447.0,1.8682577632407855,0.8538210098715899,2.1881140679845315
A,exploration,Climate and Weather,short_yes,-1,141,3340,35.0,21361221.84,311213.0,1.34486314992551,0.2767672649789905,4.859184304283958
A,exploration,Commodities,long_yes,-1,56,151,35.0,1480858.6800000002,25472.0,-4.150101912493096,5.364680150104114,-0.7735972688721345
A,exploration,Financials,long_yes,-1,111,499,66.0,3577662.8899999997,25005.0,-4.301499926401677,3.0034427557346763,-1.4321897489767474
A,confirmation,Politics,long_yes,-1,181,480,93.0,5448966.430000001,35164.0,-4.3052096777186435,2.4865038199074494,-1.7314309526694749
A,exploration,Economics,short_yes,-1,94,275,26.0,6226012.159999999,29476.0,2.3143607370419943,0.8936143957255486,2.589887481795663
A,confirmation,Economics,long_yes,-1,145,808,83.0,4467286.33,36216.0,-4.920900000703256,2.7099659086394148,-1.8158531016996737
A,confirmation,Science and Technology,short_yes,-1,88,241,35.0,3097572.0,15429.0,2.121362585203267,1.1633592182981944,1.8234802731923818
A,confirmation,Economics,short_yes,-1,148,852,68.0,8707801.460000003,58424.0,0.9733120261472387,1.1281950775253504,0.8627160723676961
A,confirmation,Crypto,short_yes,-1,139,13910,74.0,1037191576.0599631,10529532.0,-0.458401617962798,0.9407383231476409,-0.4872785626815117
A,confirmation,Climate and Weather,long_yes,-1,144,6126,90.0,12701189.879999999,416199.0,-0.7912443995365256,0.286763870391562,-2.7592192784123055
A,confirmation,Crypto,long_yes,-1,138,13345,66.0,974844415.669966,9835163.0,0.7122124969319428,0.8904520146511781,0.7998325403429425
A,confirmation,Climate and Weather,short_yes,-1,144,6234,57.0,21862860.629999995,527540.0,0.7491635599380397,0.22656474809464927,3.306620143858702
A,confirmation,Entertainment,long_yes,-1,142,1020,68.0,6455357.140000001,69568.0,-0.28115171177035714,0.8605945815027053,-0.32669472689385426
A,confirmation,Elections,short_yes,-1,73,104,34.0,3732682.290000001,14497.0,-3.0481624845172735,6.541162489690265,-0.4659970592874859
A,exploration,Entertainment,long_yes,-1,132,863,68.0,3332832.1399999997,32007.0,0.4242143980284589,1.88404159064034,0.22516190732513433
A,exploration,Politics,long_yes,-1,105,344,54.0,8411032.75,33129.0,2.50180032089399,3.5499767250822045,0.7047371052372342
A,exploration,Economics,long_yes,-1,92,257,56.0,3545177.3099999996,14371.0,-2.5163082121554043,2.0195770608145156,-1.245958008227996
A,exploration,Financials,short_yes,-1,113,587,43.0,4031660.04,31117.0,1.7962611245428817,2.830104291159287,0.6346978555363006
A,exploration,Science and Technology,short_yes,-1,38,110,10.0,3444445.51,13465.0,1.5588480909152211,1.5614213837809388,0.9983519548967067
A,exploration,Science and Technology,long_yes,-1,38,97,19.0,1187819.6400000001,6495.0,0.3324713838710394,3.1350963410791826,0.10604821916145454
A,exploration,Social,short_yes,-1,7,8,3.0,22869.0,248.0,5.285583103764922,1.6722918448678903,3.160682221817854
A,exploration,Health,long_yes,-1,6,10,6.0,8242.0,104.0,-5.559694248968697,2.628111379767935,-2.1154713197351716
C,confirmation,Crypto,long_yes,-1,134,11432,67.0,197304008.510001,1499084.0,0.873986044238347,0.8823907611999425,0.9904750623746715
C,exploration,Crypto,long_yes,-1,130,5248,71.0,23863859.79,233986.0,0.3585690621131485,1.2919084072909306,0.2775499099545691
C,exploration,Crypto,short_yes,-1,132,5681,62.0,28288696.96,255338.0,1.4803254797132588,1.3558124113088135,1.0918365013964197
C,exploration,Economics,short_yes,-1,86,227,38.0,574301.53,4809.0,3.526443631187959,1.966358701735167,1.7933877618951881
C,exploration,Economics,long_yes,-1,82,190,50.0,306464.91000000003,3086.0,-7.208741518727215,3.8403457531637346,-1.8771074226294715
C,confirmation,Economics,short_yes,-1,140,603,63.0,895532.4699999997,11303.0,-1.763458987511346,2.0527048821239284,-0.8590903655311131
C,confirmation,Economics,long_yes,-1,140,528,78.0,548733.3700000001,7766.0,-4.560573490684223,4.036673832829353,-1.1297849862414229
C,confirmation,Elections,long_yes,-1,64,86,35.0,460200.42999999993,1849.0,0.5538914881066079,8.898870920786909,0.062242894973650036
C,confirmation,Elections,short_yes,-1,60,77,24.0,682917.5899999996,2788.0,-7.8792887015840405,8.166832861457141,-0.9647912275479338
C,exploration,Elections,short_yes,-1,12,17,4.0,115410.0,411.0,-16.21133437310459,20.308537193718138,-0.7982521940634455
C,confirmation,Entertainment,short_yes,-1,136,787,72.0,1809657.0500000003,22868.0,2.109624599865482,1.3406206934634188,1.5736178101319505
C,exploration,Entertainment,long_yes,-1,121,501,64.0,739694.3,8424.0,0.8819947105175757,4.6526129138111525,0.1895697593709975
C,exploration,Financials,long_yes,-1,88,219,44.0,112695.96,1857.0,15.13676325597652,11.748926813875043,1.2883528424145574
C,confirmation,Financials,long_yes,-1,105,800,47.0,491793.5800000001,10128.0,3.6717150630473885,2.5539955125415172,1.4376356751674995
C,confirmation,Mentions,short_yes,-1,183,1073,81.0,4390106.51,92518.0,2.8535784704685887,1.4246285911829795,2.0030332734646588
C,exploration,Health,short_yes,-1,4,5,0.0,932.0,29.0,10.714592274678111,6.156447373743959,1.7403855867222622
C,exploration,Climate and Weather,short_yes,-1,141,2819,50.0,3289998.46,76957.0,2.3615284822960074,0.588282576800867,4.0142757501645026
C,exploration,Commodities,short_yes,-1,55,138,13.0,378740.4,7120.0,12.635239599472357,5.587570828656903,2.2613117554895528
C,confirmation,Commodities,long_yes,-1,111,1557,51.0,5899057.839999994,79049.0,0.3361265015160465,0.9617787257435503,0.3494842342828777
C,exploration,Politics,long_yes,-1,92,228,47.0,971939.4299999999,6122.0,0.9326336590748274,5.043909353556836,0.184902938118259
C,confirmation,Politics,short_yes,-1,168,374,82.0,1936665.6100000006,10085.0,4.945890284074386,2.2957062661270213,2.154409018719266
C,exploration,Politics,short_yes,-1,89,240,41.0,1302137.9400000002,7680.0,0.35377741931088985,4.275830163851819,0.08273888479054899
C,confirmation,Politics,long_yes,-1,162,387,89.0,1417316.44,8108.0,-5.096636662875369,2.6036004222859668,-1.9575341205393226
C,exploration,Science and Technology,short_yes,-1,34,82,9.0,432721.7,1818.0,1.5533721686478854,3.6260440141808523,0.42839308143334903
C,exploration,World,long_yes,-1,1,2,1.0,61.0,4.0,-9.60655737704918,,
C,confirmation,Companies,short_yes,-1,1,1,0.0,162.0,3.0,5.067901234567902,,
C,confirmation,Companies,long_yes,-1,1,1,1.0,1.0,1.0,-5.0,,
B,exploration,Crypto,long_yes,-1,134,7020,79.0,10919475.499999998,1467130.0,-0.998200963407073,1.0999324910439894,-0.9075111168501268
B,exploration,Crypto,short_yes,-1,135,7509,68.0,12159033.939999998,1611150.0,-0.6640447264842477,1.1741042066576433,-0.5655756301006732
B,exploration,Commodities,short_yes,-1,56,167,18.0,213960.14999999997,28345.0,8.16447015951335,3.836085511843034,2.1283337230902233
B,exploration,Mentions,short_yes,-1,146,1088,43.0,1880101.2399999998,236476.0,9.118895049502758,1.2942242049055126,7.045838746439224
B,confirmation,Commodities,short_yes,-1,114,1880,65.0,4031243.0600000015,531269.0,-0.5035504716006863,1.0332870797531237,-0.4873287215794822
B,confirmation,Entertainment,long_yes,-1,141,992,77.0,384375.88999999996,49420.0,-1.3828994321157848,1.128328574484077,-1.2256176643830092
B,confirmation,Economics,short_yes,-1,148,850,69.0,324052.12,44379.0,1.7991670414006253,2.0107054369796717,0.894793940629711
B,confirmation,Climate and Weather,long_yes,-1,144,6023,113.0,1833788.9300000006,302505.0,-2.177810430996547,0.2811853298503722,-7.745106873660266
B,exploration,Mentions,long_yes,-1,146,1020,94.0,814460.6700000002,102045.0,-5.66367999083369,1.138274795162932,-4.975670211535339
B,exploration,Financials,short_yes,-1,113,580,44.0,212453.82,27679.0,2.2527302639227664,2.687977084091116,0.8380764394367896
B,exploration,Financials,long_yes,-1,110,496,58.0,174112.13,22866.0,-1.9998984562419644,3.008238941346057,-0.6648070499835682
B,confirmation,Mentions,long_yes,-1,185,1079,116.0,813040.31,105904.0,-5.203959346123932,1.0898384051129553,-4.774982531088701
B,confirmation,Science and Technology,long_yes,-1,90,238,57.0,61987.5,8034.0,-4.170752490421456,1.8279284063811685,-2.281682628193563
B,confirmation,Financials,long_yes,-1,115,1493,61.0,447850.3700000001,69068.0,-0.9934013898436659,1.5585034056569969,-0.6374072627867574
B,exploration,Commodities,long_yes,-1,56,151,38.0,145519.38,20233.0,-8.386460964855678,3.486771569741652,-2.40522236605166
B,confirmation,Financials,short_yes,-1,117,1591,68.0,515718.45999999985,73337.0,-2.622939907949,1.5988490801345563,-1.6405175075863059
B,exploration,Politics,long_yes,-1,105,342,56.0,202770.07,24393.0,6.21451684659378,6.237299043080438,0.9963474259724756
B,confirmation,Politics,short_yes,-1,189,475,104.0,248626.12999999992,29945.0,4.640697005580228,2.935690928034046,1.580785279970865
B,exploration,Entertainment,long_yes,-1,132,848,77.0,183139.72999999998,22787.0,-3.136017782706133,1.5622678185781942,-2.0073496652835074
B,confirmation,Elections,long_yes,-1,75,106,41.0,66126.28,7954.0,4.498413036390364,6.7177616743454225,0.6696297449148029
B,confirmation,Science and Technology,short_yes,-1,88,241,46.0,82845.27000000002,10718.0,1.4077147675419477,2.018656036968597,0.6973524670680916
B,exploration,Economics,short_yes,-1,92,273,22.0,185232.15,23176.0,7.205677254191565,2.2183427557931146,3.248225385988808
B,exploration,Science and Technology,short_yes,-1,38,109,15.0,83380.23999999999,9737.0,0.9142038929127609,1.9906636227834371,0.4592457924330175
B,exploration,Companies,short_yes,-1,4,12,1.0,40700.0,4960.0,16.018402948402965,1.36332053566932,11.74955010894687
B,exploration,Science and Technology,long_yes,-1,38,94,24.0,41166.770000000004,5179.0,-2.7215523588564245,2.9558181073273886,-0.9207441933283289
B,exploration,Social,short_yes,-1,7,8,3.0,1733.0,197.0,6.09059434506636,2.126156492827301,2.864603036330249
B,exploration,Health,long_yes,-1,6,10,6.0,687.0,92.0,-10.059679767103349,6.156786717810745,-1.6339172084688374
B,confirmation,Social,long_yes,-1,2,2,1.0,277.0,35.0,-11.303249097472925,1.7766424689491584,-6.362140551643194
B,exploration,World,short_yes,-1,2,8,1.0,460.0,53.0,2.469565217391304,0.8649527410207936,2.8551446804790634
B,exploration,Transportation,short_yes,-1,1,1,0.0,75.0,8.0,16.599999999999998,,
B,confirmation,Social,short_yes,-1,2,2,2.0,239.0,26.0,-22.020920502092054,2.597818665639607,-8.476696542893727
A,confirmation,Social,long_yes,-1,2,2,1.0,7965.0,49.0,-3.6021343377275583,0.19552961028101282,-18.422449329033153
A,exploration,Transportation,long_yes,-1,1,1,1.0,38.0,3.0,-6.421052631578947,,
C,confirmation,Social,short_yes,-1,2,2,2.0,494.0,17.0,-1.7570850202429207,1.179137504302644,-1.4901442909171834
B,exploration,Transportation,long_yes,-1,1,1,1.0,12.0,2.0,-8.666666666666668,,
A,all,Financials,short_yes,-1,218,2169,102.0,13865024.709999999,116399.0,0.7590178547666098,1.8300433965796417,0.41475401959604735
A,all,Climate and Weather,long_yes,-1,280,9419,151.0,24266398.62000001,685016.0,-0.5576901072928958,0.3628054618270834,-1.5371601752751352
A,all,Politics,long_yes,-1,245,774,129.0,13859999.179999994,68293.0,-0.17433035483052137,2.573856275164033,-0.06773119249613548
A,all,Commodities,short_yes,-1,170,2049,72.0,37578316.210000075,654510.0,1.4393203500322511,0.9455100801362821,1.5222686465963358
A,all,Climate and Weather,short_yes,-1,280,9574,92.0,43224082.470000006,838753.0,1.0435566474154012,0.17895232879760034,5.831478441365748
A,all,Economics,short_yes,-1,226,1125,85.0,14933813.62,87900.0,1.532404686176236,0.7967661168539987,1.9232804379619943
A,all,Entertainment,long_yes,-1,259,1875,130.0,9788189.28,101575.0,-0.040977888609035375,0.8589139199018018,-0.04770895855747722
A,all,Science and Technology,long_yes,-1,118,330,67.0,2502636.8200000003,17287.0,-1.7780533974227435,1.8648026894879401,-0.9534807127026307
A,all,Elections,short_yes,-1,86,125,36.0,5016541.290000001,17509.0,-1.121586168186415,5.678840398529674,-0.19750267474972677
A,all,Social,short_yes,-1,8,9,4.0,29463.0,291.0,0.8090825781488635,4.467725190115456,0.18109497422511678
A,all,Companies,long_yes,-1,5,16,4.0,588873.28,2296.0,-8.338258886529877,2.5610170611690672,-3.2558388668928204
A,all,Social,long_yes,-1,8,9,5.0,17440.0,177.0,-1.7122706422018352,2.0219774296025497,-0.8468297504875748
A,all,Health,short_yes,-1,8,12,1.0,13212.0,180.0,6.470708446866484,1.8456012282488024,3.506016547792511
A,all,World,short_yes,-1,3,9,1.0,7772.9,91.0,4.772401548971426,0.039803423659357545,119.89927273126573
A,all,World,long_yes,-1,2,10,1.0,2583.0,42.0,-3.1347270615563296,0.19849251089159337,-15.792671710764745
A,all,Transportation,long_yes,-1,1,1,1.0,38.0,3.0,-6.421052631578947,,
C,all,Crypto,short_yes,-1,263,17543,131.0,233272344.420001,1802533.0,-0.4030888086847195,0.8330596661320439,-0.48386547215314113
C,all,Crypto,long_yes,-1,261,16679,137.0,221167868.30000106,1733070.0,0.8183729088884293,0.7979569571151577,1.0255852794956275
C,all,Economics,short_yes,-1,213,829,93.0,1469834.0,16112.0,0.30344051778654346,1.5521097135873216,0.19550197716707474
C,all,Entertainment,long_yes,-1,236,1140,130.0,1778167.4200000002,25518.0,0.4087566793907416,2.1788220187402016,0.18760443756993306
C,all,Financials,long_yes,-1,184,1015,87.0,604489.5399999998,11985.0,5.809162491084626,3.5149693593135836,1.6526922135728266
C,all,Commodities,long_yes,-1,163,1673,80.0,6187341.769999996,84162.0,0.1225292770598003,0.9749106795016602,0.12568256727111957
C,all,Companies,long_yes,-1,4,6,3.0,111002.0,530.0,-11.572277976973387,2.0583958225843384,-5.621988662241
C,all,Politics,short_yes,-1,226,583,108.0,3238803.5500000007,17765.0,3.099663955845667,2.2855539267700813,1.356198127526169
C,all,Science and Technology,long_yes,-1,97,208,49.0,359684.1200000001,3598.0,-1.7050225313450018,4.519522058822485,-0.3772572650722338
C,all,Social,short_yes,-1,8,8,4.0,5742.0,68.0,2.323058167885753,1.382963940996927,1.679767706894185
C,all,Social,long_yes,-1,7,7,4.0,1919.0,40.0,8.340802501302761,7.105281705617708,1.1738876580654363
C,all,Transportation,long_yes,-1,1,1,1.0,6.0,1.0,-7.000000000000001,,
B,all,Crypto,long_yes,-1,266,20282,144.0,74134463.93000047,9734537.0,-0.060704278879657646,0.7844357177571442,-0.07738591895486746
B,all,Crypto,short_yes,-1,267,21218,141.0,80494650.46000041,10516756.0,-1.3164782266078507,0.8149758316172167,-1.6153586100773882
B,all,Commodities,short_yes,-1,169,2047,83.0,4245203.21,559614.0,-0.06667833552306966,1.0086582284628138,-0.06610597488971745
B,all,Climate and Weather,short_yes,-1,280,9372,169.0,3607136.280000002,542695.0,-0.6760627463734191,0.20505410683646735,-3.2969968600169794
B,all,Climate and Weather,long_yes,-1,280,9223,203.0,3144760.0800000043,510880.0,-1.6515721033955606,0.197919825650678,-8.344652174009749
B,all,Financials,long_yes,-1,213,1979,114.0,621962.5,91934.0,-1.2751600940571177,1.4079001570712542,-0.9057177013956265
B,all,Financials,short_yes,-1,218,2156,103.0,728172.2800000003,101016.0,-1.2003991418074842,1.3989015406763632,-0.8581012365081078
B,all,Politics,short_yes,-1,248,745,133.0,509055.7499999999,60560.0,1.9943144439484344,4.1275584013709805,0.4831704969422158
B,all,Entertainment,short_yes,-1,263,2187,113.0,982892.4999999999,119381.0,3.4139364783025634,1.1471238259538272,2.9760836633864645
B,all,Elections,long_yes,-1,87,128,50.0,78005.28000000003,9506.0,4.186800175577851,6.030797744856482,0.6942365426114097
B,all,Companies,long_yes,-1,5,16,4.0,15024.5,1766.0,-8.340277546673779,4.579833643114241,-1.8210874447837966
B,all,Health,short_yes,-1,8,12,1.0,1409.0,151.0,6.4180269694819,2.333702693272048,2.7501476464781747
B,all,Health,long_yes,-1,6,10,6.0,687.0,92.0,-10.059679767103349,6.156786717810745,-1.6339172084688374
B,all,Transportation,long_yes,-1,1,1,1.0,12.0,2.0,-8.666666666666668,,
A,all,Transportation,short_yes,-1,1,1,0.0,394.0,17.0,18.878172588832488,,
C,all,World,short_yes,-1,1,6,0.0,3383.0,29.0,6.169967484481229,,
C,all,Transportation,short_yes,-1,1,1,0.0,99.0,9.0,19.313131313131315,,
